{
   " Garage " : [
    {
    "id" : "1",
    "GarageName" : "royal garage",
    "Description": "Programming and calibrations 💻 Classic / thermal / matte dyeing / accident modification 🔨 Mechanics 🔧 Electricity 🔧 Spare parts • Crane service Insurance assessments 🇰🇼 Kuwaiti management 🚨🇩🇪🇮🇹🇯🇵🇺🇸",
    "type" : "fixing cars",
    "location": "Al-Rai - behind the Avenues, Kuwait City",
    "email" :"royalgarage@gmail.com",
    "PhoneNumber" : "558 44361"
    },
  {
    "id" : "2",
    "GarageName" : "royal garage",
    "type" : "fixing cars",
    "location": "Al-Rai - behind the Avenues, Kuwait City",
    "email" :"royalgarage@gmail.com",
    "PhoneNumber" : "558 44361"
  },
  {
    "id" : "3",
    "GarageName" : "royal garage",
    "type" : "fixing cars",
    "location": "Al-Rai - behind the Avenues, Kuwait City",
    "email" :"royalgarage@gmail.com",
    "PhoneNumber" : "558 44361"
  },
  {
    "id" : "4",
    "GarageName" : "royal garage",
    "type" : "fixing cars",
    "location": "Al-Rai - behind the Avenues, Kuwait City",
    "email" :"royalgarage@gmail.com",
    "PhoneNumber" : "558 44361"
  },
  {
    "id" : "5",
    "GarageName" : "royal garage",
    "type" : "fixing cars",
    "location": "Al-Rai - behind the Avenues, Kuwait City",
    "email" :"royalgarage@gmail.com",
    "PhoneNumber" : "558 44361"
  }
]
}

